[
  {
    "name": "百度网盘Cookie",
    "desc": "用于播放百度网盘视频",
    "value": ""
  },
  {
    "name": "UCCookie",
    "desc": "用于播放UC网盘视频",
    "value": ""
  },
  {
    "name": "夸克Cookie",
    "desc": "用于播放Quark网盘视频",
    "value": ""
  },
  {
    "name": "转存文件夹名称",
    "desc": "在各网盘转存文件时使用的文件夹名称",
    "value": ""
  },
  {
    "name": "123网盘账号",
    "desc": "用于播放123网盘视频",
    "value": ""
  },
  {
    "name": "123网盘密码",
    "desc": "用于播放123网盘视频",
    "value": ""
  },
  {
    "name": "天翼网盘账号",
    "desc": "用于播放天翼网盘视频",
    "value": ""
  },
  {
    "name": "天翼网盘密码",
    "desc": "用于播放天翼网盘视频",
    "value": ""
  },
  {
    "name": "采集解析地址",
    "desc": "内置两个，失效不要反馈。格式：名称1@地址1;名称2@地址2",
    "value": ""
  },
  {
    "name": "自定义弹幕解析接口",
    "desc": "格式 线路名称1@地址1|线路名称2@地址2",
    "value": ""
  },
  {
    "name": "自定义弹幕屏蔽列表",
    "desc": "使用|分隔，如：广告|推广|关注",
    "value": ""
  },
  {
    "name": "自定义弹幕采集线路",
    "desc": "格式 线路名称1@地址1|线路名称2@地址2",
    "value": ""
  },
  {
    "name": "TG搜代理地址",
    "desc": "默认直接访问 https://t.me/s/ 有自己的代理服务填入即可，没有不用改动。",
    "value": ""
  },
  {
    "name": "TG搜API地址",
    "desc": "https://tgsou.252035.xyz",
    "value": ""
  }
]