[
  {
    "name": "夸克|UC|天翼|123|解析 网盘解析工具",
    "api": "panTools/js/panTools2.js",
    "type": 300,
    "version": 23,
    "remark": "iOS14 以上版本可用,App v1.6.54 及以上版本可用",
    "env": "UCCookie##用于播放UC网盘视频&&UC_UT##播放视频自动获取，不可用时点击删除重新获取 cookie ，再重启app&&夸克Cookie##用于播放Quark网盘视频&&转存文件夹名称##在各网盘转存文件时使用的文件夹名称&&123网盘账号##用于播放123网盘视频&&123网盘密码##用于播放123网盘视频&&天翼网盘账号##用于播放天翼网盘视频&&天翼网盘密码##用于播放天翼网盘视频&&采集解析地址##内置两个，失效不要反馈。格式：名称1@地址1;名称2@地址2",
    "order": "A"
  },
  {
    "name": "夸克|UC|天翼|123|解析 网盘解析工具",
    "api": "panTools/js/panTools_iOS14.js",
    "type": 300,
    "version": 3,
    "remark": "iOS15 以下版本使用",
    "env": "UCCookie##用于播放UC网盘视频&&UC_UT##播放视频自动获取，不可用时点击删除重新获取 cookie ，再重启app&&夸克Cookie##用于播放Quark网盘视频&&转存文件夹名称##在各网盘转存文件时使用的文件夹名称&&123网盘账号##用于播放123网盘视频&&123网盘密码##用于播放123网盘视频&&天翼网盘账号##用于播放天翼网盘视频&&天翼网盘密码##用于播放天翼网盘视频&&采集解析地址##内置两个，失效不要反馈。格式：名称1@地址1;名称2@地址2",
    "order": "B"
  },
  {
    "name": "自定义弹幕扩展",
    "api": "danMu/js/danMu4.txt",
    "type": 400,
    "version": 10,
    "remark": "v1.6.60 及以上版本可用",
    "env": "自定义弹幕解析接口##格式 线路名称1@地址1|线路名称2@地址2&&自定义弹幕屏蔽列表##使用|分隔，如：广告|推广|关注",
    "codeID": "y4S7zyv2sSZhVen1FPn1NSYeCP3npPUN",
    "order": "A01"
  },
  {
    "name": "弹幕扩展",
    "api": "danMu/js/danMu2.txt",
    "type": 400,
    "version": 11,
    "remark": "搜不到就算了，不要那么执着",
    "env": "弹幕解析地址##内置 4 条线路。格式 地址1;地址2",
    "codeID": "4Y6DDMATfbw0Rg0Y2AOGpfmpU2cgspFf",
    "order": "A02"
  },
  {
    "name": "弹幕扩展",
    "api": "danMu/js/danMu.js",
    "type": 400,
    "version": 1,
    "order": "A03"
  },
  {
    "name": "豆瓣推荐",
    "api": "recommend/js/douban.txt",
    "type": 200,
    "version": 4,
    "remark": "iOS14 以上版本可用",
    "codeID": "hZC5h9Id3nP6mwaolSXqNemBLQCMFqhw"
  },
  {
    "name": "📺电视直播",
    "api": "https://tv.iill.top/m3u/Gather",
    "type": 10,
    "remark": "来自 YanG-1989 大佬 https://github.com/YanG-1989"
  },
  {
    "name": "🎥网络直播",
    "api": "https://tv.iill.top/m3u/Live",
    "type": 10,
    "remark": "来自 YanG-1989 大佬 https://github.com/YanG-1989"
  },
  {
    "name": "🚴‍♂️体育直播",
    "api": "https://tv.iill.top/m3u/Sport",
    "type": 10,
    "remark": "来自 YanG-1989 大佬 https://github.com/YanG-1989"
  },
  {
    "name": "📡范明明IPv6",
    "api": "https://cdn.jsdelivr.net/gh/fanmingming/live@refs/heads/main/tv/m3u/ipv6.m3u",
    "type": 10,
    "remark": "来自 范明明 大佬 https://github.com/fanmingming"
  },
  {
    "name": "🛰️Govin",
    "api": "https://cdn.jsdelivr.net/gh/Guovin/iptv-api@gd/output/result.m3u",
    "type": 10,
    "remark": "来自 Guovin 大佬 https://github.com/Guovin"
  },
  {
    "name": "[盘] 玩偶",
    "api": "vod/js/Pan_wogg.js",
    "type": 101,
    "version": 3,
    "webSite": "http://wogg.xxooo.cf",
    "order": "A01"
  },
  {
    "name": "[盘] 木偶",
    "api": "vod/js/Pan_mogg.js",
    "type": 101,
    "version": 3,
    "webSite": "http://123.666291.xyz",
    "order": "A02"
  },
  {
    "name": "[盘] 蜡笔",
    "api": "vod/js/Pan_labipan.js",
    "type": 101,
    "version": 4,
    "webSite": "http://feimaoai.site",
    "order": "A03"
  },
  {
    "name": "[盘] 闪电",
    "api": "vod/js/Pan_shandian.js",
    "type": 101,
    "version": 1,
    "webSite": "http://1.95.79.193/",
    "order": "A04"
  },
  {
    "name": "[盘] 虎斑",
    "api": "vod/js/Pan_huban.js",
    "type": 101,
    "version": 1,
    "webSite": "http://103.45.162.207:20720",
    "order": "A05"
  },
  {
    "name": "[盘] 二小",
    "api": "vod/js/Pan_erxiao.js",
    "type": 101,
    "version": 1,
    "webSite": "https://2xiaopan.fun",
    "order": "A06"
  },
  {
    "name": "[盘] 至臻",
    "api": "vod/js/Pan_zhizhen.js",
    "type": 101,
    "version": 4,
    "webSite": "http://www.miqk.cc",
    "order": "A07"
  },
  {
    "name": "[盘] 欧歌",
    "api": "vod/js/Pan_ouge.js",
    "type": 101,
    "version": 3,
    "webSite": "https://woog.nxog.eu.org",
    "order": "A08"
  },
  {
    "name": "[盘] 多多",
    "api": "vod/js/Pan_duoduo.js",
    "type": 101,
    "version": 3,
    "webSite": "https://tv.yydsys.top",
    "order": "A09"
  },
  {
    "name": "[盘] 小斑",
    "api": "vod/js/Pan_zishiying.txt",
    "type": 101,
    "version": 1,
    "remark": "🍃豆儿出品，不属精品！玩偶模板站通用自适应，更换域名即可，默认小斑占位",
    "webSite": "http://xsayang.fun:12512",
    "codeID": "GQVweaJQFQpBuOIT46NXyxlMOUH4Ovsk",
    "order": "A10"
  },
  {
    "name": "[盘] 校长",
    "api": "vod/js/Pan_xzys.txt",
    "type": 101,
    "version": 1,
    "remark": "🍃豆儿出品，不属精品！",
    "webSite": "https://xzys.fun",
    "codeID": "7T4PFJobJZegoH1hLUyEL1HOGSoNuwR6",
    "order": "A11"
  },
  {
    "name": "[盘] 茉莉",
    "api": "vod/js/Pan_HDmoli.txt",
    "type": 101,
    "version": 2,
    "remark": "🍃豆儿出品，不属精品！支持在线播放和网盘",
    "webSite": "https://www.hdmoli.pro/",
    "codeID": "OAxUOePWsN3I7NQfNIO9Il1I1cgolbSa",
    "order": "A12"
  },
  {
    "name": "[盘] 雷鲸",
    "api": "vod/js/Pan_leijing.txt",
    "type": 100,
    "version": 4,
    "remark": "来自proversion2024",
    "webSite": "https://www.leijing.xyz",
    "codeID": "GgryhjYVgQMDUw4f",
    "instance": "leiJing20241126",
    "order": "A13"
  },
  {
    "name": "[盘] 南风",
    "api": "vod/js/Pan_nanfdj.js",
    "type": 101,
    "version": 1,
    "webSite": "https://www.nanf.cc",
    "order": "A14"
  },
  {
    "name": "[盘] 趣盘",
    "api": "vod/js/Pan_funletu.txt",
    "type": 100,
    "version": 3,
    "remark": "来自proversion2024，仅搜索",
    "webSite": "https://pan.funletu.com",
    "codeID": "LO5aQSJYBZLrRD1g",
    "instance": "funletu20241124",
    "order": "A15"
  },
  {
    "name": "[盘] 逸搜",
    "api": "vod/js/Pan_tianyiso.txt",
    "type": 100,
    "version": 3,
    "remark": "来自proversion2024，仅搜索",
    "webSite": "https://www.tianyiso.com",
    "codeID": "DU9z425w42hk9B8l",
    "instance": "tianyiso20241129",
    "order": "A16"
  },
  {
    "name": "[盘] TG搜",
    "api": "vod/js/Pan_tgs.js",
    "type": 101,
    "version": 6,
    "remark": "格式 频道名称1@频道id1&频道名称2@频道id2",
    "env": "TG搜代理地址##默认直接访问 https://t.me/s/ 有自己的代理服务填入即可，没有不用改动。",
    "webSite": "123资源@zyfb123&天翼日更@tianyirigeng&天翼臻影@tyysypzypd&云巢@peccxinpd&夸克UC@ucquark&夸克电影@alyp_4K_Movies&夸克剧集@alyp_TV&夸克动漫@alyp_Animation",
    "order": "A17"
  },
  {
    "name": "[盘] TG纯搜",
    "api": "vod/js/Pan_tgs_api.js",
    "type": 101,
    "version": 5,
    "remark": "🍃豆儿出品，不属精品！免代理纯搜索，格式 频道名称@频道id|搜索数量&频道名称@频道id，支持自定义每频道搜索数量，默认3个",
    "env": "TG搜API地址##https://tgsou.252035.xyz",
    "webSite": "123资源@zyfb123&天翼日更@tianyirigeng&天翼臻影@tyysypzypd&云巢@peccxinpd&夸克UC@ucquark&夸克电影@alyp_4K_Movies&夸克剧集@alyp_TV&夸克动漫@alyp_Animation",
    "order": "A18"
  },
  {
    "name": "[直] 修罗",
    "api": "vod/js/Zhi_biliys.js",
    "type": 101,
    "version": 2,
    "webSite": "https://xl01.com.de",
    "order": "B"
  },
  {
    "name": "[直] 欧乐",
    "api": "vod/js/Zhi_olevod.js",
    "type": 100,
    "version": 3,
    "webSite": "https://www.olehdtv.com",
    "instance": "olevod20240620",
    "order": "B"
  },
  {
    "name": "[直] 韩剧",
    "api": "vod/js/Zhi_hjkk.js",
    "type": 100,
    "version": 2,
    "webSite": "https://www.hanjukankan.com",
    "instance": "hjkk20240624",
    "order": "B"
  },
  {
    "name": "[直] 瓜子²",
    "api": "vod/js/Zhi_gzys.js",
    "type": 100,
    "version": 3,
    "remark": "瓜子WEB",
    "webSite": "https://api.gudvxty.com",
    "instance": "gzys20240822",
    "order": "B"
  },
  {
    "name": "[直] 瓜子¹",
    "api": "vod/js/Zhi_gzapp.txt",
    "type": 100,
    "version": 3,
    "remark": "瓜子APP",
    "webSite": "https://api.gudvxty.com",
    "codeID": "ra5Z3wtXKshzSMK2",
    "instance": "gzapp20241001",
    "order": "B"
  },
  {
    "name": "[直] 4k-av",
    "api": "vod/js/Zhi_4kav.js",
    "type": 100,
    "version": 2,
    "webSite": "https://4k-av.com",
    "instance": "www4kav20240705",
    "order": "B"
  },
  {
    "name": "[嗅] 立播",
    "api": "vod/js/Xiu_libvio.js",
    "type": 101,
    "version": 1,
    "remark": "🍃豆儿出品，不属精品！",
    "webSite": "https://libvio.mov/",
    "order": "C"
  },
  {
    "name": "[嗅] 路漫漫",
    "api": "vod/js/Xiu_lmm.js",
    "type": 101,
    "version": 1,
    "webSite": "https://www.lmm97.com",
    "order": "C"
  },
  {
    "name": "[嗅] MX动漫",
    "api": "vod/js/Xiu_mxdm.js",
    "type": 101,
    "version": 1,
    "webSite": "https://www.mxdm6.com",
    "order": "C"
  },
  {
    "name": "[嗅] NT动漫",
    "api": "vod/js/Xiu_ntdm.js",
    "type": 101,
    "version": 1,
    "webSite": "https://www.ntdm9.com",
    "order": "C"
  },
  {
    "name": "[嗅] 八号影视",
    "api": "vod/js/Xiu_bhys.js",
    "type": 101,
    "version": 1,
    "webSite": "https://www.bahaotv.com",
    "order": "C"
  },
  {
    "name": "[嗅] 樱花动漫",
    "api": "vod/js/Xiu_yhdm.js",
    "type": 101,
    "version": 1,
    "webSite": "https://www.vdm5.com",
    "order": "C"
  },
  {
    "name": "[嗅] 风车动漫",
    "api": "vod/js/Xiu_fcdm.js",
    "type": 101,
    "version": 1,
    "webSite": "https://www.tt776b.com",
    "order": "C"
  },
  {
    "name": "[嗅] E-ACG",
    "api": "vod/js/Xiu_eacg.js",
    "type": 101,
    "version": 1,
    "webSite": "https://eacg1.com",
    "order": "C"
  },
  {
    "name": "[嗅] E-ACG2",
    "api": "vod/js/Xiu_eacg2.js",
    "type": 101,
    "version": 1,
    "webSite": "https://eacg1.com",
    "order": "C"
  },
  {
    "name": "[嗅] MuteFun",
    "api": "vod/js/Xiu_MuteFun.js",
    "type": 101,
    "version": 1,
    "webSite": "https://www.mutean.com",
    "order": "C"
  },
  {
    "name": "[嗅] girigirilove",
    "api": "vod/js/Xiu_girigirilove.js",
    "type": 101,
    "version": 1,
    "webSite": "https://anime.girigirilove.com",
    "order": "C"
  },
  {
    "name": "[解] 小猫咪",
    "api": "vod/js/Jie_cms.js",
    "type": 101,
    "version": 5,
    "remark": "通用官采解析1，需配合网盘解析工具使用。每次消耗所有解析次数！",
    "webSite": "https://zy.xmm.hk/api.php/provide/vod",
    "order": "D1"
  },
  {
    "name": "[解] 小猫咪",
    "api": "vod/js/Jie_cms2.js",
    "type": 101,
    "version": 3,
    "remark": "通用官采解析2，需配合网盘解析工具使用。在环境变量配置 采集解析地址。",
    "env": "采集解析地址##内置两个，失效不要反馈。格式：名称1@地址1;名称2@地址2",
    "webSite": "https://zy.xmm.hk/api.php/provide/vod",
    "order": "D2"
  },
  {
    "api": "https://mozhuazy.com/api.php/provide/vod/",
    "name": "[采] 魔爪4k",
    "order": "D3",
    "type": 0
  },
  {
    "api": "https://json.heimuer.xyz/api.php/provide/vod/",
    "name": "[采] 黑木耳",
    "order": "D4",
    "type": 0
  },
  {
    "name": "[采] 自建CMS",
    "api": "vod/js/Cai_cmsUser.js",
    "type": 101,
    "version": 1,
    "remark": "地址输入自己搭建的 cms 采集地址，默认使用如意采集占位",
    "webSite": "https://cj.rycjapi.com/api.php/provide/vod",
    "order": "D5"
  }
]