[
  {
    "name": "夸克|UC|天翼|123|百度|解析 网盘解析工具",
    "api": "panTools/js/panTools2.js",
    "type": 300,
    "version": 25,
    "remark": "iOS14 以上版本可用,App v1.6.54 及以上版本可用",
    "env": "百度网盘Cookie##用于播放百度网盘视频&&UCCookie##用于播放UC网盘视频&&UC_UT##播放视频自动获取，不可用时点击删除重新获取 cookie ，再重启app&&夸克Cookie##用于播放Quark网盘视频&&转存文件夹名称##在各网盘转存文件时使用的文件夹名称&&123网盘账号##用于播放123网盘视频&&123网盘密码##用于播放123网盘视频&&天翼网盘账号##用于播放天翼网盘视频&&天翼网盘密码##用于播放天翼网盘视频&&采集解析地址##内置两个，失效不要反馈。格式：名称1@地址1;名称2@地址2",
    "order": "A"
  },
  {
    "name": "夸克|UC|天翼|123|解析 网盘解析工具",
    "api": "panTools/js/panTools_iOS14.js",
    "type": 300,
    "version": 3,
    "remark": "iOS15 以下版本使用",
    "env": "UCCookie##用于播放UC网盘视频&&UC_UT##播放视频自动获取，不可用时点击删除重新获取 cookie ，再重启app&&夸克Cookie##用于播放Quark网盘视频&&转存文件夹名称##在各网盘转存文件时使用的文件夹名称&&123网盘账号##用于播放123网盘视频&&123网盘密码##用于播放123网盘视频&&天翼网盘账号##用于播放天翼网盘视频&&天翼网盘密码##用于播放天翼网盘视频&&采集解析地址##内置两个，失效不要反馈。格式：名称1@地址1;名称2@地址2",
    "order": "B"
  },
  {
    "name": "自定义弹幕扩展",
    "api": "danMu/js/danMu4.txt",
    "type": 400,
    "version": 13,
    "remark": "v1.6.60 及以上版本可用",
    "env": "自定义弹幕解析接口##格式 线路名称1@地址1|线路名称2@地址2&&自定义弹幕屏蔽列表##使用|分隔，如：广告|推广|关注&&自定义弹幕采集线路##格式 线路名称1@地址1|线路名称2@地址2",
    "codeID": "D9T0qMw4DBq9G5kJ0Grcl80XdWotNxRM",
    "order": "A01"
  },
  {
    "name": "弹幕扩展",
    "api": "danMu/js/danMu2.txt",
    "type": 400,
    "version": 11,
    "remark": "搜不到就算了，不要那么执着",
    "env": "弹幕解析地址##内置 4 条线路。格式 地址1;地址2",
    "codeID": "4Y6DDMATfbw0Rg0Y2AOGpfmpU2cgspFf",
    "order": "A02"
  },
  {
    "name": "弹幕扩展",
    "api": "danMu/js/danMu.js",
    "type": 400,
    "version": 1,
    "order": "A03"
  },
  {
    "name": "豆瓣推荐",
    "api": "recommend/js/douban.txt",
    "type": 200,
    "version": 4,
    "remark": "iOS14 以上版本可用",
    "codeID": "hZC5h9Id3nP6mwaolSXqNemBLQCMFqhw"
  },
  {
    "name": "玩偶 | 4K",
    "api": "vod/js/Pan_wogg.js",
    "type": 101,
    "version": 3,
    "webSite": "http://wogg.xxooo.cf",
    "order": "A01"
  },
  {
    "name": "木偶 | 4K",
    "api": "vod/js/Pan_mogg.js",
    "type": 101,
    "version": 4,
    "webSite": "https://666.666291.xyz",
    "order": "A02"
  },
  {
    "name": "蜡笔 | 4K",
    "api": "vod/js/Pan_labipan.js",
    "type": 101,
    "version": 4,
    "webSite": "http://feimaoai.site",
    "order": "A03"
  },
  {
    "name": "闪电 | 4K",
    "api": "vod/js/Pan_shandian.js",
    "type": 101,
    "version": 1,
    "webSite": "http://1.95.79.193/",
    "order": "A04"
  },
  {
    "name": "虎斑 | 4K",
    "api": "vod/js/Pan_huban.js",
    "type": 101,
    "version": 1,
    "webSite": "http://103.45.162.207:20720",
    "order": "A05"
  },
  {
    "name": "二小 | 4K",
    "api": "vod/js/Pan_erxiao.js",
    "type": 101,
    "version": 1,
    "webSite": "https://2xiaopan.fun",
    "order": "A06"
  },
  {
    "name": "至臻 | 4K",
    "api": "vod/js/Pan_zhizhen.js",
    "type": 101,
    "version": 4,
    "webSite": "http://www.miqk.cc",
    "order": "A07"
  },
  {
    "name": "欧歌 | 4K",
    "api": "vod/js/Pan_ouge.js",
    "type": 101,
    "version": 3,
    "webSite": "https://woog.nxog.eu.org",
    "order": "A08"
  },
  {
    "name": "多多 | 4K",
    "api": "vod/js/Pan_duoduo.js",
    "type": 101,
    "version": 3,
    "webSite": "https://tv.yydsys.top",
    "order": "A09"
  },
  {
    "name": "小斑 | 4K",
    "api": "vod/js/Pan_zishiying.txt",
    "type": 101,
    "version": 2,
    "remark": "🍃豆儿出品，不属精品！玩偶模板站通用自适应，更换域名即可，默认小斑占位",
    "webSite": "http://xsayang.fun:12512",
    "codeID": "o1yPDSn0NzqTIM7iqs1EcTbsIU4TVDdI",
    "order": "A10"
  },
  {
    "name": "校长 | 4K",
    "api": "vod/js/Pan_xzys.txt",
    "type": 101,
    "version": 2,
    "remark": "🍃豆儿出品，不属精品！",
    "webSite": "https://xzys.fun",
    "codeID": "tW2AK2eUmsN6Bbnpu4TpQuxGiDoB0v1r",
    "order": "A11"
  },
  {
    "name": "茉莉 | 4K",
    "api": "vod/js/Pan_HDmoli.txt",
    "type": 101,
    "version": 2,
    "remark": "🍃豆儿出品，不属精品！支持在线播放和网盘",
    "webSite": "https://www.hdmoli.pro/",
    "codeID": "OAxUOePWsN3I7NQfNIO9Il1I1cgolbSa",
    "order": "A12"
  },
  {
    "name": "雷鲸 | 4K",
    "api": "vod/js/Pan_leijing.txt",
    "type": 100,
    "version": 4,
    "remark": "来自proversion2024",
    "webSite": "https://www.leijing.xyz",
    "codeID": "GgryhjYVgQMDUw4f",
    "instance": "leiJing20241126",
    "order": "A13"
  },
  {
    "name": "南风 | 4K",
    "api": "vod/js/Pan_nanfdj.js",
    "type": 101,
    "version": 1,
    "webSite": "https://www.nanf.cc",
    "order": "A14"
  },
  {
    "name": "趣盘 | 4K",
    "api": "vod/js/Pan_funletu.txt",
    "type": 100,
    "version": 3,
    "remark": "来自proversion2024，仅搜索",
    "webSite": "https://pan.funletu.com",
    "codeID": "LO5aQSJYBZLrRD1g",
    "instance": "funletu20241124",
    "order": "A15"
  },
  {
    "name": "逸搜 | 4K",
    "api": "vod/js/Pan_tianyiso.txt",
    "type": 100,
    "version": 3,
    "remark": "来自proversion2024，仅搜索",
    "webSite": "https://www.tianyiso.com",
    "codeID": "DU9z425w42hk9B8l",
    "instance": "tianyiso20241129",
    "order": "A16"
  },
  {
    "name": "TG搜 | 4K",
    "api": "vod/js/Pan_tgs.js",
    "type": 101,
    "version": 8,
    "remark": "格式 频道名称1@频道id1&频道名称2@频道id2",
    "env": "TG搜代理地址##默认直接访问 https://t.me/s/ 有自己的代理服务填入即可，没有不用改动。",
    "webSite": "123资源@zyfb123&天翼日更@tianyirigeng&天翼臻影@tyysypzypd&夸克UC@ucquark&夸克电影@Q_dianying&夸克剧集@Q_dianshiju&夸克动漫@Q_dongman&百度¹@bdwpzhpd&百度²@BaiduCloudDisk",
    "order": "A17"
  },
  {
    "name": "TG纯搜 | 4K",
    "api": "vod/js/Pan_tgs_api.js",
    "type": 101,
    "version": 7,
    "remark": "🍃豆儿出品，不属精品！免代理纯搜索，格式 频道名称@频道id|搜索数量&频道名称@频道id，支持自定义每频道搜索数量，默认3个",
    "env": "TG搜API地址##https://tgsou.252035.xyz",
    "webSite": "123资源@zyfb123&天翼日更@tianyirigeng&天翼臻影@tyysypzypd&夸克UC@ucquark&夸克电影@Q_dianying&夸克剧集@Q_dianshiju&夸克动漫@Q_dongman&百度¹@bdwpzhpd&百度²@BaiduCloudDisk",
    "order": "A18"
  }
]