[
  {
    "name": "可选线路弹幕扩展",
    "api": "danMu/js/danMu4.txt",
    "type": 400,
    "version": 5,
    "remark": "v1.6.60 及以上版本可用",
    "env": "弹幕线路##格式 线路名称1@地址1;线路名称2@地址2",
    "codeID": "4PqcO6xPFunsneXlUVMvH0iJuMLDUGrR",
    "order": "A01"
  },
  {
    "name": "弹幕扩展",
    "api": "danMu/js/danMu2.txt",
    "type": 400,
    "version": 11,
    "remark": "搜不到就算了，不要那么执着",
    "env": "弹幕解析地址##内置 4 条线路。格式 地址1;地址2",
    "codeID": "4Y6DDMATfbw0Rg0Y2AOGpfmpU2cgspFf",
    "order": "A02"
  },
  {
    "name": "弹幕扩展",
    "api": "danMu/js/danMu.js",
    "type": 400,
    "version": 1,
    "order": "A03"
  },
  {
    "name": "夸克|UC|天翼|123|解析 网盘解析工具",
    "api": "panTools/js/panTools2.js",
    "type": 300,
    "version": 23,
    "remark": "iOS14 以上版本可用,App v1.6.54 及以上版本可用",
    "env": "UCCookie##用于播放UC网盘视频&&UC_UT##播放视频自动获取，不可用时点击删除重新获取 cookie ，再重启app&&夸克Cookie##用于播放Quark网盘视频&&转存文件夹名称##在各网盘转存文件时使用的文件夹名称&&123网盘账号##用于播放123网盘视频&&123网盘密码##用于播放123网盘视频&&天翼网盘账号##用于播放天翼网盘视频&&天翼网盘密码##用于播放天翼网盘视频&&采集解析地址##内置两个，失效不要反馈。格式：名称1@地址1;名称2@地址2",
    "order": "A"
  },
  {
    "name": "夸克|UC|天翼|123|解析 网盘解析工具",
    "api": "panTools/js/panTools_iOS14.js",
    "type": 300,
    "version": 3,
    "remark": "iOS15 以下版本使用",
    "env": "UCCookie##用于播放UC网盘视频&&UC_UT##播放视频自动获取，不可用时点击删除重新获取 cookie ，再重启app&&夸克Cookie##用于播放Quark网盘视频&&转存文件夹名称##在各网盘转存文件时使用的文件夹名称&&123网盘账号##用于播放123网盘视频&&123网盘密码##用于播放123网盘视频&&天翼网盘账号##用于播放天翼网盘视频&&天翼网盘密码##用于播放天翼网盘视频&&采集解析地址##内置两个，失效不要反馈。格式：名称1@地址1;名称2@地址2",
    "order": "B"
  },
  {
    "name": "豆瓣推荐",
    "api": "recommend/js/douban.txt",
    "type": 200,
    "version": 4,
    "remark": "iOS14 以上版本可用",
    "codeID": "hZC5h9Id3nP6mwaolSXqNemBLQCMFqhw"
  },
  {
    "name": "二小 | 4K",
    "api": "vod/js/erxiao.js",
    "type": 101,
    "version": 1,
    "webSite": "https://2xiaopan.fun",
    "order": "B"
  },
  {
    "name": "南风 | 4K",
    "api": "vod/js/nanfdj.js",
    "type": 101,
    "version": 1,
    "webSite": "https://www.nanf.cc",
    "order": "B"
  },
  {
    "name": "多多 | 4K",
    "api": "vod/js/duoduo.js",
    "type": 101,
    "version": 3,
    "webSite": "https://tv.yydsys.top",
    "order": "B"
  },
  {
    "name": "木偶 | 4K",
    "api": "vod/js/mogg.js",
    "type": 101,
    "version": 2,
    "webSite": "https://666.666291.xyz",
    "order": "B"
  },
  {
    "name": "校长 | 4K",
    "api": "vod/js/Pan_xzys.txt",
    "type": 101,
    "version": 1,
    "remark": "🍃豆儿出品，不属精品！",
    "webSite": "https://xzys.fun",
    "codeID": "7T4PFJobJZegoH1hLUyEL1HOGSoNuwR6",
    "order": "B"
  },
  {
    "name": "欧歌 | 4K",
    "api": "vod/js/ouge.js",
    "type": 101,
    "version": 3,
    "webSite": "https://woog.nxog.eu.org",
    "order": "B"
  },
  {
    "name": "玩偶 | 4K",
    "api": "vod/js/wobg.js",
    "type": 101,
    "version": 3,
    "webSite": "http://wogg.xxooo.cf",
    "order": "B"
  },
  {
    "name": "至臻 | 4K",
    "api": "vod/js/zhizhen.js",
    "type": 101,
    "version": 4,
    "webSite": "http://www.miqk.cc",
    "order": "B"
  },
  {
    "name": "茉莉 | 4K",
    "api": "vod/js/Zong_HDmoli.txt",
    "type": 101,
    "version": 2,
    "remark": "🍃豆儿出品，不属精品！支持在线播放和网盘",
    "webSite": "https://www.hdmoli.pro/",
    "codeID": "OAxUOePWsN3I7NQfNIO9Il1I1cgolbSa",
    "order": "B"
  },
  {
    "name": "虎斑 | 4K",
    "api": "vod/js/huban.js",
    "type": 101,
    "version": 1,
    "webSite": "http://103.45.162.207:20720",
    "order": "B"
  },
  {
    "name": "蜡笔 | 4K",
    "api": "vod/js/labipan.js",
    "type": 101,
    "version": 4,
    "webSite": "http://feimaoai.site",
    "order": "B"
  },
  {
    "name": "趣盘 | 4K",
    "api": "vod/js/funletu.txt",
    "type": 100,
    "version": 3,
    "remark": "来自proversion2024，仅搜索",
    "webSite": "https://pan.funletu.com",
    "codeID": "LO5aQSJYBZLrRD1g",
    "instance": "funletu20241124",
    "order": "B"
  },
  {
    "name": "逸搜 | 4K",
    "api": "vod/js/tianyiso.txt",
    "type": 100,
    "version": 3,
    "remark": "来自proversion2024，仅搜索",
    "webSite": "https://www.tianyiso.com",
    "codeID": "DU9z425w42hk9B8l",
    "instance": "tianyiso20241129",
    "order": "B"
  },
  {
    "name": "闪电 | 4K",
    "api": "vod/js/shandian.js",
    "type": 101,
    "version": 1,
    "webSite": "http://1.95.79.193/",
    "order": "B"
  },
  {
    "name": "雷鲸 | 4K",
    "api": "vod/js/leijing.txt",
    "type": 100,
    "version": 4,
    "remark": "来自proversion2024",
    "webSite": "https://www.leijing.xyz",
    "codeID": "GgryhjYVgQMDUw4f",
    "instance": "leiJing20241126",
    "order": "B"
  },
  {
    "name": "TG搜 | 4K",
    "api": "vod/js/tgs.js",
    "type": 101,
    "version": 6,
    "remark": "格式 频道名称1@频道id1&频道名称2@频道id2",
    "env": "TG搜代理地址##默认直接访问 https://t.me/s/ 有自己的代理服务填入即可，没有不用改动。",
    "webSite": "123资源@zyfb123&天翼日更@tianyirigeng&天翼臻影@tyysypzypd&云巢@peccxinpd&夸克UC@ucquark&夸克电影@alyp_4K_Movies&夸克剧集@alyp_TV&夸克动漫@alyp_Animation",
    "order": "B"
  },
  {
    "name": "TG纯搜 | 4K",
    "api": "vod/js/tgs_api.js",
    "type": 101,
    "version": 5,
    "remark": "🍃豆儿出品，不属精品！免代理纯搜索，格式 频道名称@频道id|搜索数量&频道名称@频道id，支持自定义每频道搜索数量，默认3个",
    "env": "TG搜API地址##https://tgsou.252035.xyz",
    "webSite": "123资源@zyfb123&天翼日更@tianyirigeng&天翼臻影@tyysypzypd&云巢@peccxinpd&夸克UC@ucquark&夸克电影@alyp_4K_Movies&夸克剧集@alyp_TV&夸克动漫@alyp_Animation",
    "order": "B"
  }
]